{
    "algorithms": [
        {
            "Perceptron": {
                "l1_ratio": {
                    "value": 0.48913761581890286
                },
                "fit_intercept": {
                    "value": false
                },
                "tol": {
                    "value": -0.005
                },
                "shuffle": {
                    "value": false
                },
                "eta0": {
                    "value": 9.991
                },
                "early_stopping": {
                    "value": false
                },
                "validation_fraction": {
                    "value": 0.5194061966100301
                },
                "n_iter_no_change": {
                    "value": 9
                }
            }
        }
    ],
    "dataset_features": [
        7944.0,
        2.0,
        0.9510309701661749,
        0.3704682779456193,
        0.6295317220543807,
        0.5884823035392921,
        6.03285498489426,
        1.5669204780747794,
        0.25973116907305266,
        0.6017120220406985
    ],
    "system_features": [],
    "dataset_feature_extractor_name": "TextClassificationFeatureExtractor",
    "system_feature_extractor_name": "NoSystem",
    "timestamp": "2025-02-06 17:20:59",
    "alias": "nltk_names_warm",
    "accuracy": null,
    "cross_val_steps": null,
    "f1": 0.7804366078925273,
    "evaluation_time": 0.0,
    "error": null
}