{
    "algorithms": [
        {
            "Perceptron": {
                "l1_ratio": {
                    "value": 0.999
                },
                "fit_intercept": {
                    "value": true
                },
                "tol": {
                    "value": -0.005
                },
                "shuffle": {
                    "value": false
                },
                "eta0": {
                    "value": 8.533150277103719
                },
                "early_stopping": {
                    "value": false
                },
                "validation_fraction": {
                    "value": 0.993
                },
                "n_iter_no_change": {
                    "value": 9
                }
            }
        }
    ],
    "dataset_features": [
        59.0,
        2.0,
        0.9981341772155725,
        0.4745762711864407,
        0.5254237288135594,
        0.9032258064516129,
        13682.64406779661,
        8137.616824671501,
        0.5947400797937986,
        0.8666666666666668
    ],
    "system_features": [],
    "dataset_feature_extractor_name": "TextClassificationFeatureExtractor",
    "system_feature_extractor_name": "NoSystem",
    "timestamp": "2025-02-06 16:23:50",
    "alias": "inaugural_warm",
    "accuracy": null,
    "cross_val_steps": null,
    "f1": 1.0,
    "evaluation_time": 0.0,
    "error": null
}